cust_id,income,age,nbr_children,gender,marital_status,city_name,state_code,credit_interests,credit_trans,checking_trans,savings_trans,total_trans,checking_balance,savings_balance,credit_balance,credit_limit,net_worth
1362480,50890,33,2,M ,2,New York City                           ,NY  ,361.2600000000001,14,56,14,84,86.86,1187.97,20.0,2500.0,1254.83
1362484,10053,42,0,F ,1,Denver                                  ,CO  ,14.81,18,18,18,54,95.32,2122.17,369.72,3000.0,1847.7700000000002
1362485,22690,25,0,F ,1,New York City                           ,NY  ,56.93000000000001,47,47,0,94,45.49,0.0,1100.0,1100.0,-1054.51
1362487,6605,71,0,M ,2,Los Angeles                             ,CA  ,13.629999999999999,5,5,5,15,1401.21,12.89,1548.23,3000.0,-134.12999999999988
1362489,55888,35,2,F ,3,Nashville                               ,TN  ,248.76999999999998,20,84,20,124,125.43,373.65,20.0,2800.0,479.08
1362492,40252,40,5,F ,3,Houston                                 ,TX  ,37.19,16,60,0,76,582.82,0.0,2000.0,2000.0,-1417.1799999999998
1362499,37180,65,0,M ,2,New York City                           ,NY  ,269.78999999999996,29,0,0,29,0.0,0.0,1900.0,1900.0,-1900.0
1362501,65347,58,2,F ,2,Long Beach                              ,CA  ,159.4,7,7,0,14,1.8,0.0,47.2,3300.0,-45.400000000000006
1362506,76087,52,1,M ,2,San Francisco                           ,CA  ,0.0,26,0,0,26,0.0,0.0,4216.53,11400.0,-4216.53
1362508,9802,66,0,F ,3,St Louis                                ,MO  ,80.94,81,92,15,188,75.11,255.11,1072.17,3000.0,-741.95
1362509,3093,82,0,M ,2,Indianapolis                            ,IN  ,42.05,46,46,8,100,10.7,337.82,10.0,3000.0,338.52
1362511,2517,83,0,M ,1,New York City                           ,NY  ,0.0,2,56,2,60,11.84,748.73,904.93,3000.0,-144.3599999999999
1362512,15432,62,0,F ,1,Los Angeles                             ,CA  ,115.27,26,99,18,143,1295.93,1194.36,1880.46,3000.0,609.8299999999999
1362516,29417,33,3,M ,4,Tulsa                                   ,OK  ,47.2,2,2,0,4,3291.88,0.0,430.72,1500.0,2861.16
1362520,58377,49,4,F ,4,Los Angeles                             ,CA  ,293.98,9,28,0,37,333.11,0.0,20.0,2900.0,313.11
1362525,6300,77,0,F ,1,Chicago                                 ,IL  ,103.22,70,70,8,148,95.53,313.46,1051.01,3000.0,-642.02
1362526,43872,41,0,F ,2,San Francisco                           ,CA  ,435.91999999999996,6,90,18,114,140.01,1145.74,1982.36,6600.0,-696.6099999999999
1362528,6618,39,0,F ,1,Louisville                              ,KY  ,6.66,32,79,2,113,1087.54,269.93,540.09,3000.0,817.38
1362529,43829,43,0,F ,1,Lexington                               ,KY  ,314.0,33,50,16,99,1007.92,873.14,433.43,2200.0,1447.6299999999999
1362530,39250,57,0,F ,1,New York City                           ,NY  ,58.38,31,83,5,119,17.3,900.52,2000.0,2000.0,-1082.18
1362531,44742,31,2,F ,2,Chicago                                 ,IL  ,335.36,21,52,0,73,2290.23,0.0,2200.0,2200.0,90.23000000000002
1362535,26548,46,4,F ,4,New York City                           ,NY  ,2.88,73,0,0,73,0.0,0.0,0.0,1300.0,0.0
1362541,22362,63,0,M ,2,Chicago                                 ,IL  ,47.3,36,0,0,36,0.0,0.0,2093.96,3400.0,-2093.96
1362542,43900,36,2,F ,2,New York City                           ,NY  ,104.36,4,4,4,12,0.0,1654.74,20.0,2200.0,1634.74
1362546,10025,35,0,F ,2,New York City                           ,NY  ,77.37,34,34,11,79,84.83,991.01,1292.63,3000.0,-216.7900000000002
1362547,30413,37,0,M ,2,New York City                           ,NY  ,69.71000000000001,41,0,0,41,0.0,0.0,952.52,4600.0,-952.52
1362548,44554,59,2,F ,4,New York City                           ,NY  ,80.68,4,77,4,85,569.65,254.02,68.68,6700.0,754.99
1362549,0,17,0,F ,1,New York City                           ,NY  ,71.97,68,0,45,113,0.0,1039.96,1000.0,1000.0,39.960000000000036
1362552,8005,33,2,F ,3,Riverside                               ,CA  ,47.47,21,70,0,91,7.42,0.0,493.17,1000.0,-485.75
1362556,56088,46,0,M ,1,Charlotte                               ,NC  ,198.7,14,0,14,28,0.0,439.42,20.0,2800.0,419.42
1362557,19282,40,4,M ,4,Oakland                                 ,CA  ,0.0,7,85,31,123,147.06,68.86,1000.0,1000.0,-784.0799999999999
1362562,63532,46,0,F ,1,Los Angeles                             ,CA  ,0.0,26,26,26,78,5521.65,3864.77,9500.0,9500.0,-113.57999999999993
1362563,14711,73,0,M ,2,Chicago                                 ,IL  ,20.38,1,1,0,2,490.56,0.0,1000.0,1000.0,-509.44
1362565,27492,49,0,F ,1,Long Beach                              ,CA  ,56.19,4,65,4,73,271.08,941.16,1358.19,1400.0,-145.95000000000005
1362566,127848,54,1,M ,2,Los Angeles                             ,CA  ,779.0,11,58,0,69,38.1,0.0,20.0,6400.0,18.1
1362569,61300,50,2,M ,2,Albuquerque                             ,NM  ,0.0,27,97,0,124,46.48,0.0,9200.0,9200.0,-9153.52
1362571,6108,19,0,M ,1,Albuquerque                             ,NM  ,111.78999999999999,4,76,4,84,62.94,1741.09,959.28,1000.0,844.75
1362572,0,17,0,M ,1,Albuquerque                             ,NM  ,5.34,19,61,19,99,1.97,432.85,369.97,1000.0,64.85000000000002
1362574,26763,31,2,F ,2,New York City                           ,NY  ,0.0,22,0,0,22,0.0,0.0,1300.0,1300.0,-1300.0
1362577,86055,50,2,M ,3,Philadelphia                            ,PA  ,100.12,16,16,0,32,347.65,0.0,1808.22,4300.0,-1460.5700000000002
1362578,0,17,0,F ,1,Philadelphia                            ,PA  ,30.04,2,2,2,6,211.68,862.43,731.2,3000.0,342.90999999999985
1362579,17401,18,0,M ,1,Philadelphia                            ,PA  ,91.77,70,70,0,140,431.33,0.0,1050.0,3000.0,-618.6700000000001
1362580,29363,36,3,F ,4,Sacramento                              ,CA  ,197.63999999999996,28,88,8,124,29.97,163.39,1500.0,1500.0,-1306.64
1362584,12885,61,0,F ,2,Chicago                                 ,IL  ,4.62,29,49,9,87,12.5,1999.37,1000.0,1000.0,1011.8699999999999
1362586,24476,46,0,F ,1,Norfolk                                 ,VA  ,344.88,30,79,0,109,260.7,0.0,3700.0,3700.0,-3439.3
1362587,8799,27,0,F ,2,Oklahoma City                           ,OK  ,95.96,20,20,20,60,292.0,1596.17,859.44,1000.0,1028.73
1362588,6354,66,0,M ,2,Seattle                                 ,WA  ,33.6,8,8,8,24,5.87,9.71,1000.0,1000.0,-984.42
1362591,26936,64,0,F ,1,Cleveland                               ,OH  ,141.27,85,85,0,170,920.44,0.0,1548.57,4000.0,-628.1299999999999
1362592,65024,43,0,F ,2,Dayton                                  ,OH  ,457.5900000000001,17,17,0,34,343.51,0.0,310.1,3300.0,33.40999999999997
1362593,11725,30,0,M ,1,New York City                           ,NY  ,50.39,5,5,0,10,168.63,0.0,689.96,3000.0,-521.33
1362594,69205,53,2,M ,2,Houston                                 ,TX  ,883.0600000000001,14,58,14,86,4418.79,6619.84,0.0,17300.0,11038.630000000001
1362597,12106,19,0,M ,1,Houston                                 ,TX  ,89.02,46,46,0,92,416.76,0.0,442.72,1000.0,-25.960000000000036
1362598,49437,47,2,F ,2,Charlotte                               ,NC  ,87.41,13,74,0,87,13.54,0.0,20.0,2500.0,-6.460000000000001
1362602,31496,25,1,F ,3,Los Angeles                             ,CA  ,55.91,25,25,25,75,626.79,2735.3,1661.44,4700.0,1700.65
1362605,16957,34,0,F ,2,Nashville                               ,TN  ,43.57,18,41,9,68,7.84,611.94,1000.0,1000.0,-380.2199999999999
1362606,36586,51,0,F ,1,Phoenix                                 ,AZ  ,0.0,19,70,0,89,1319.97,0.0,1232.96,5500.0,87.00999999999999
1362607,24450,44,1,M ,2,Seattle                                 ,WA  ,22.67,37,97,0,134,165.23,0.0,903.36,3700.0,-738.13
1362609,1929,79,0,F ,2,Honolulu                                ,HI  ,350.63000000000005,12,12,12,36,15.38,49.39,3000.0,3000.0,-2935.23
1362610,9602,79,0,M ,2,Honolulu                                ,HI  ,10.15,39,0,0,39,0.0,0.0,545.57,1000.0,-545.57
1362611,24115,48,1,F ,2,El Paso                                 ,TX  ,107.91999999999999,19,1,0,20,361.31,0.0,133.87,3600.0,227.44
1362613,7005,77,0,F ,3,Fort Worth                              ,TX  ,123.99000000000001,23,0,23,46,0.0,338.98,1000.0,1000.0,-661.02
1362617,13781,50,0,F ,2,Mesa                                    ,AZ  ,0.63,7,7,7,21,53.6,138.02,306.84,1000.0,-115.21999999999997
1362619,32152,32,0,F ,2,Houston                                 ,TX  ,38.34,1,23,11,35,759.22,1133.1,0.0,8000.0,1892.32
1362621,3303,61,0,F ,3,Mesa                                    ,AZ  ,0.0,1,24,1,26,121.73,1498.4,1000.0,1000.0,620.1300000000001
1362622,34797,69,0,M ,1,Riverside                               ,CA  ,67.91,42,74,26,142,890.53,13404.16,406.96,5200.0,13887.730000000001
1362624,28867,77,0,F ,2,Houston                                 ,TX  ,68.91,24,0,24,48,0.0,1028.01,1400.0,1400.0,-371.99
1362625,30165,37,3,M ,2,Miami                                   ,FL  ,78.24,9,9,0,18,533.18,0.0,735.29,4500.0,-202.11
1362630,15864,66,0,F ,1,Los Angeles                             ,CA  ,23.36,12,12,0,24,127.75,0.0,962.62,3000.0,-834.87
1362631,34394,54,0,F ,2,Dallas                                  ,TX  ,8.8,6,60,6,72,0.0,533.3,575.0,5200.0,-41.700000000000045
1362633,10818,28,2,F ,2,New York City                           ,NY  ,49.42,24,70,24,118,234.2,57.34,1000.0,1000.0,-708.46
1362636,10250,69,0,M ,1,Washington                              ,DC  ,72.89,5,5,0,10,19.2,0.0,1000.0,1000.0,-980.8
1362637,23973,45,0,F ,1,Honolulu                                ,HI  ,68.89,12,12,12,36,72.09,44.79,1200.0,1200.0,-1083.12
1362640,3726,71,0,F ,2,Tucson                                  ,AZ  ,70.91999999999999,37,0,34,71,0.0,1698.93,751.28,3000.0,947.6500000000001
1362641,3419,28,0,F ,1,Dayton                                  ,OH  ,5.82,2,47,2,51,1566.97,141.92,172.99,3000.0,1535.9
1362642,6909,54,2,F ,3,Rochester                               ,NY  ,75.60000000000001,46,46,24,116,112.61,91.21,1000.0,1000.0,-796.1800000000001
1362643,6356,18,0,F ,1,Rochester                               ,NY  ,17.79,15,15,15,45,1860.19,494.84,559.57,3000.0,1795.46
1362644,3371,19,0,F ,1,Rochester                               ,NY  ,12.77,12,12,12,36,382.47,132.42,463.65,1000.0,51.24000000000001
1362645,57194,31,3,M ,4,Los Angeles                             ,CA  ,268.61999999999995,19,19,0,38,1195.54,0.0,20.0,2900.0,1175.54
1362649,8976,28,1,F ,2,New York City                           ,NY  ,57.85000000000001,21,21,0,42,30.47,0.0,1000.0,1000.0,-969.53
1362650,17804,21,1,M ,2,New York City                           ,NY  ,0.0,7,0,32,39,0.0,149.2,1000.0,1000.0,-850.8
1362653,31641,47,2,F ,2,Corpus Christi                          ,TX  ,0.0,2,35,0,37,1023.15,0.0,1188.57,1600.0,-165.41999999999996
1362656,17584,64,0,M ,4,Houston                                 ,TX  ,52.519999999999996,21,0,21,42,0.0,367.8,445.22,1000.0,-77.42000000000002
1362658,45629,44,2,F ,3,Detroit                                 ,MI  ,98.19999999999999,8,12,12,32,3517.12,238.62,0.0,6800.0,3755.74
1362661,19649,66,0,M ,2,New York City                           ,NY  ,77.65,55,0,38,93,0.0,2226.62,1000.0,1000.0,1226.62
1362663,29030,44,0,M ,1,Houston                                 ,TX  ,418.38,21,84,0,105,92.92,0.0,4400.0,4400.0,-4307.08
1362664,30676,46,5,M ,4,Long Beach                              ,CA  ,26.8,36,99,0,135,2683.65,0.0,1052.38,4600.0,1631.27
1362671,22783,25,0,F ,1,New Orleans                             ,LA  ,13.94,21,0,37,58,0.0,83.19,1100.0,1100.0,-1016.81
1362672,16319,50,1,F ,2,Houston                                 ,TX  ,0.0,12,63,0,75,669.16,0.0,226.57,1000.0,442.59
1362675,10608,63,0,F ,2,Minneapolis                             ,MN  ,87.08,6,6,6,18,2009.72,274.78,911.38,1000.0,1373.12
1362680,8282,73,0,F ,2,San Diego                               ,CA  ,8.77,7,7,0,14,848.22,0.0,1000.0,1000.0,-151.77999999999997
1362683,44288,34,1,F ,2,Los Angeles                             ,CA  ,160.63,103,0,0,103,0.0,0.0,5359.08,6600.0,-5359.08
1362685,34080,49,0,F ,1,Houston                                 ,TX  ,57.93000000000001,41,93,15,149,516.78,1735.39,1208.1,1700.0,1044.0700000000002
1362686,19019,70,0,F ,4,Philadelphia                            ,PA  ,0.77,12,61,12,85,13.37,162.53,99.9,3000.0,76.0
1362687,7431,37,1,F ,2,Portland                                ,OR  ,0.0,22,94,22,138,194.38,1111.42,481.97,1000.0,823.8300000000002
1362690,24131,47,1,F ,2,Las Vegas                               ,NV  ,155.81,38,53,8,99,282.92,111.34,1200.0,1200.0,-805.74
1362693,2620,22,0,M ,1,Philadelphia                            ,PA  ,51.2,12,34,12,58,659.45,10.34,1000.0,1000.0,-330.2099999999999
1362694,29838,36,2,F ,2,Atlanta                                 ,GA  ,77.55000000000001,40,40,0,80,93.66,0.0,1360.3,1500.0,-1266.6399999999999
1362698,49623,55,1,F ,4,Houston                                 ,TX  ,378.84000000000015,36,36,36,108,175.55,3110.27,2500.0,2500.0,785.8200000000002
1362699,23476,19,0,M ,1,Houston                                 ,TX  ,49.05,16,74,0,90,600.51,0.0,677.69,1200.0,-77.18000000000006
1362700,6195,75,0,F ,4,Riverside                               ,CA  ,24.45,12,12,12,36,4494.03,315.88,107.4,1000.0,4702.51
1362703,26886,34,0,F ,2,San Jose                                ,CA  ,101.43,1,93,1,95,107.33,7144.39,947.81,1300.0,6303.91
1362705,27635,40,2,F ,4,St Louis                                ,MO  ,0.0,18,18,18,54,81.14,1415.16,413.11,1400.0,1083.19
1362708,15246,29,0,M ,1,New York City                           ,NY  ,130.31,33,52,33,118,325.81,3821.12,1000.0,1000.0,3146.9300000000003
1362709,5981,74,0,F ,2,Los Angeles                             ,CA  ,3.75,9,9,9,27,185.9,917.33,496.15,1000.0,607.08
1362714,14458,49,0,F ,2,Indianapolis                            ,IN  ,2.47,8,0,0,8,0.0,0.0,457.29,1000.0,-457.29
1362715,17750,56,1,F ,2,New York City                           ,NY  ,39.08,6,6,6,18,366.99,195.07,933.22,3000.0,-371.1600000000001
1362717,0,16,0,F ,1,New York City                           ,NY  ,0.55,20,20,6,46,248.16,186.79,1000.0,1000.0,-565.05
1362718,50980,51,1,M ,2,Chicago                                 ,IL  ,115.38,12,12,12,36,702.56,1918.23,78.8,2500.0,2541.99
1362720,18806,19,0,M ,1,Chicago                                 ,IL  ,0.0,4,66,4,74,216.74,1497.85,1000.0,1000.0,714.5899999999999
1362721,7777,18,0,F ,1,Los Angeles                             ,CA  ,8.4,12,0,12,24,0.0,48.22,1000.0,1000.0,-951.78
1362722,44196,30,1,F ,2,New York City                           ,NY  ,57.730000000000004,5,37,5,47,696.51,261.18,1469.22,2200.0,-511.53
1362725,68933,52,1,M ,3,St Louis                                ,MO  ,40.76,27,77,16,120,47.34,16095.5,1939.63,10300.0,14203.21
1362726,14141,18,0,M ,1,St Louis                                ,MO  ,53.66,18,49,0,67,13.37,0.0,918.66,3000.0,-905.29
1362727,81509,41,1,F ,2,New York City                           ,NY  ,294.4,15,83,2,100,392.05,9132.52,0.0,4100.0,9524.57
1362730,12988,37,3,F ,4,Seattle                                 ,WA  ,46.230000000000004,9,65,0,74,19.1,0.0,3000.0,3000.0,-2980.9
1362735,16986,40,0,F ,1,Newark                                  ,NJ  ,0.0,26,67,26,119,84.65,288.87,3000.0,3000.0,-2626.48
1362736,20358,42,0,F ,1,Washington                              ,DC  ,12.15,6,6,6,18,2014.49,2180.1,328.79,1000.0,3865.8
1362737,43710,31,2,F ,3,New York City                           ,NY  ,0.0,15,15,0,30,195.13,0.0,6600.0,6600.0,-6404.87
1362740,2715,61,0,M ,2,Philadelphia                            ,PA  ,80.41,1,1,1,3,562.27,119.87,1121.88,3000.0,-439.7400000000001
1362742,18785,28,0,M ,1,Minneapolis                             ,MN  ,43.78,12,12,12,36,2562.66,844.14,15.74,3000.0,3391.06
1362743,11946,60,0,F ,4,Memphis                                 ,TN  ,14.56,41,78,4,123,1736.57,2885.15,3000.0,3000.0,1621.7200000000003
1362744,3618,89,0,F ,2,Milwaukee                               ,WI  ,4.63,76,98,46,220,205.93,1797.22,682.28,1000.0,1320.8700000000001
1362746,8810,35,2,F ,2,New Orleans                             ,LA  ,53.88,1,1,1,3,12.89,2946.92,1000.0,1000.0,1959.81
1362749,17412,33,2,F ,3,Nashville                               ,TN  ,315.73,28,28,12,68,918.17,136.05,3000.0,3000.0,-1945.78
1362752,47668,54,0,F ,1,Los Angeles                             ,CA  ,104.69000000000001,9,77,9,95,3.76,609.33,0.0,2400.0,613.09
1362753,13352,48,0,F ,1,Columbus                                ,OH  ,345.66,36,64,0,100,79.24,0.0,3000.0,3000.0,-2920.76
1362754,12158,35,3,F ,4,Anaheim                                 ,CA  ,0.86,13,45,21,79,68.84,240.75,0.0,3000.0,309.59000000000003
1362759,27258,69,0,F ,2,Los Angeles                             ,CA  ,18.59,14,14,14,42,4.62,79.52,835.19,1400.0,-751.0500000000001
1362761,13515,23,1,M ,4,Milwaukee                               ,WI  ,18.310000000000002,6,40,8,54,8.21,490.67,0.0,1000.0,498.88
1362763,21198,50,1,F ,2,San Francisco                           ,CA  ,0.0,23,78,0,101,2.72,0.0,160.0,1100.0,-157.28
1362765,2769,18,0,F ,1,San Francisco                           ,CA  ,12.72,5,5,5,15,820.66,1363.11,999.18,1000.0,1184.5900000000001
1362766,102286,56,2,F ,3,Chicago                                 ,IL  ,651.2900000000001,39,39,39,117,4359.83,22432.78,20.0,5100.0,26772.61
1362767,0,17,0,F ,1,Chicago                                 ,IL  ,38.599999999999994,23,52,23,98,193.12,1098.48,290.54,1000.0,1001.06
1362769,27885,34,0,F ,1,San Francisco                           ,CA  ,0.0,23,0,0,23,0.0,0.0,553.09,1400.0,-553.09
1362770,76891,42,0,F ,1,Philadelphia                            ,PA  ,392.80000000000007,11,60,0,71,237.69,0.0,20.0,3800.0,217.69
1362771,24344,32,2,F ,2,Chicago                                 ,IL  ,108.96999999999998,37,88,37,162,141.86,2361.62,1200.0,1200.0,1303.48
1362775,12072,69,0,F ,2,Nashville                               ,TN  ,44.04,22,0,0,22,0.0,0.0,629.25,1000.0,-629.25
1362777,21746,30,3,F ,4,Los Angeles                             ,CA  ,0.0,8,0,8,16,0.0,29.46,1868.87,3300.0,-1839.4099999999999
1362782,29579,43,0,M ,1,Sacramento                              ,CA  ,59.959999999999994,20,71,20,111,41.6,268.13,1136.06,1500.0,-826.3299999999999
1362784,55678,43,5,M ,2,Kansas City                             ,MO  ,315.34000000000003,16,90,0,106,1095.71,0.0,2764.67,2800.0,-1668.96
1362791,7914,81,0,F ,2,New York City                           ,NY  ,36.09,50,50,19,119,874.16,492.11,157.42,3000.0,1208.85
1362793,29120,36,2,M ,3,Los Angeles                             ,CA  ,27.119999999999997,26,94,26,146,291.67,404.56,407.08,1500.0,289.15000000000003
1362797,17912,32,3,F ,2,Seattle                                 ,WA  ,15.280000000000001,14,0,0,14,0.0,0.0,100.0,1000.0,-100.0
1362801,12485,24,2,M ,4,Atlanta                                 ,GA  ,17.29,6,41,0,47,0.0,0.0,45.23,1000.0,-45.23
1362804,68039,48,0,M ,1,Miami                                   ,FL  ,103.69,36,87,21,144,1315.0,450.37,682.34,10200.0,1083.0299999999997
1362805,4626,78,0,F ,3,New York City                           ,NY  ,3.98,31,31,31,93,14.76,232.15,300.0,1000.0,-53.09
1362806,39382,24,1,M ,3,Chicago                                 ,IL  ,54.6,1,92,1,94,2561.24,284.58,1541.64,5900.0,1304.1799999999996
1362808,31387,42,0,F ,1,Los Angeles                             ,CA  ,0.0,5,30,0,35,1724.92,0.0,1600.0,1600.0,124.92000000000007
1362809,25180,56,1,F ,3,Indianapolis                            ,IN  ,55.25,6,28,7,41,1160.14,274.83,0.0,3800.0,1434.97
1362810,0,17,0,F ,1,Indianapolis                            ,IN  ,56.86,15,50,15,80,344.33,731.5,332.95,3000.0,742.8799999999999
1362811,8011,82,0,F ,2,Philadelphia                            ,PA  ,20.09,49,49,0,98,278.54,0.0,1000.0,1000.0,-721.46
1362814,0,16,0,M ,1,Chicago                                 ,IL  ,38.36,9,97,0,106,656.39,0.0,1000.0,1000.0,-343.61
1362815,0,17,0,M ,1,Chicago                                 ,IL  ,2.12,9,81,9,99,816.6,348.98,1000.0,1000.0,165.57999999999993
1362816,11918,19,0,F ,1,Louisville                              ,KY  ,109.08999999999997,99,99,0,198,19.72,0.0,3000.0,3000.0,-2980.28
1362817,8259,29,2,M ,4,Colorado Springs                        ,CO  ,126.62000000000002,1,76,1,78,219.6,754.8,1000.0,1000.0,-25.600000000000023
1362820,129196,55,2,M ,3,Chicago                                 ,IL  ,722.43,37,86,0,123,13185.47,0.0,4231.59,6500.0,8953.88
1362821,7826,18,0,M ,1,Chicago                                 ,IL  ,27.259999999999998,7,36,0,43,994.79,0.0,0.0,1000.0,994.79
1362822,13750,19,0,M ,1,Chicago                                 ,IL  ,0.0,30,94,54,178,2156.3,523.43,1000.0,1000.0,1679.73
1362823,43381,48,0,M ,1,Pittsburgh                              ,PA  ,97.97,11,41,21,73,7.35,491.88,98.04,2200.0,401.19
1362824,69432,58,2,F ,2,San Francisco                           ,CA  ,359.46999999999997,8,86,0,94,3.94,0.0,959.72,10400.0,-955.78
1362825,10234,18,0,F ,1,San Francisco                           ,CA  ,153.19,2,2,2,6,306.26,50.77,1000.0,1000.0,-642.97
1362828,3994,87,0,M ,2,New York City                           ,NY  ,124.36000000000001,5,0,0,5,0.0,0.0,1000.0,1000.0,-1000.0
1362829,49553,53,1,F ,2,Pittsburgh                              ,PA  ,154.96,4,4,4,12,2516.2,2510.16,2033.41,2500.0,2992.95
1362830,10933,18,0,F ,1,Pittsburgh                              ,PA  ,72.4,19,19,19,57,528.25,35.68,88.21,1000.0,475.71999999999997
1362831,111004,52,0,M ,1,Jacksonville                            ,FL  ,835.6999999999999,15,15,0,30,123.78,0.0,5600.0,5600.0,-5476.22
1362832,56597,31,2,F ,2,Detroit                                 ,MI  ,0.0,8,47,0,55,49.08,0.0,8500.0,8500.0,-8450.92
1362835,9099,28,0,M ,1,Birmingham                              ,AL  ,17.490000000000002,14,9,9,32,276.68,2060.9,9.51,1000.0,2328.0699999999997
1362836,5920,66,0,F ,3,Memphis                                 ,TN  ,129.69000000000003,37,72,44,153,7.72,1009.19,1000.0,1000.0,16.910000000000082
1362837,22322,50,0,M ,2,Phoenix                                 ,AZ  ,21.04,13,33,25,71,530.92,545.76,1100.0,1100.0,-23.320000000000164
1362839,43315,33,3,M ,3,Baltimore                               ,MD  ,207.13,28,28,28,84,32.8,3420.03,3783.62,6500.0,-330.7899999999995
1362844,0,17,0,M ,1,Boston                                  ,MA  ,68.89,23,23,23,69,162.1,1493.41,584.13,3000.0,1071.38
1362845,73785,43,3,M ,4,San Jose                                ,CA  ,170.15,27,0,0,27,0.0,0.0,20.0,3700.0,-20.0
1362849,22001,44,0,F ,1,Nashville                               ,TN  ,14.89,70,70,0,140,3.98,0.0,515.69,1100.0,-511.71000000000004
1362850,8961,86,0,M ,4,Las Vegas                               ,NV  ,22.18,1,25,1,27,1179.4,120.25,37.88,1000.0,1261.77
1362852,33706,56,1,M ,2,Newark                                  ,NJ  ,259.98999999999995,4,56,0,60,59.5,0.0,1700.0,1700.0,-1640.5
1362853,26505,50,1,F ,2,Newark                                  ,NJ  ,23.45,13,37,13,63,1875.77,1025.23,1073.95,1300.0,1827.05
1362857,8088,84,0,M ,1,Milwaukee                               ,WI  ,43.59,38,38,13,89,7.47,196.62,357.0,1000.0,-152.91
1362858,60242,41,4,F ,2,Los Angeles                             ,CA  ,0.0,74,74,16,164,587.99,592.84,708.2,9000.0,472.6299999999999
1362868,14877,33,3,F ,2,Chicago                                 ,IL  ,51.730000000000004,24,24,0,48,609.04,0.0,1000.0,1000.0,-390.96000000000004
1362872,17099,47,2,F ,3,Los Angeles                             ,CA  ,66.37,43,0,0,43,0.0,0.0,1000.0,1000.0,-1000.0
1362875,8681,68,0,F ,2,Birmingham                              ,AL  ,380.02000000000004,17,17,17,51,1174.11,449.66,3000.0,3000.0,-1376.23
1362877,9480,42,2,M ,2,Portland                                ,OR  ,0.91,39,39,24,102,612.35,629.45,80.0,1000.0,1161.8000000000002
1362881,12690,55,0,M ,2,Phoenix                                 ,AZ  ,6.91,34,85,4,123,0.0,61.5,440.26,1000.0,-378.76
1362882,44071,39,3,F ,2,Chicago                                 ,IL  ,93.16,2,68,0,70,4.69,0.0,33.52,2200.0,-28.830000000000002
1362883,12403,31,3,M ,2,Chicago                                 ,IL  ,28.869999999999997,15,0,15,30,0.0,149.74,983.06,1000.0,-833.3199999999999
1362888,56266,44,5,M ,3,Portland                                ,OR  ,441.34000000000003,80,80,0,160,4139.88,0.0,6454.87,14100.0,-2314.99
1362894,59542,57,0,M ,1,New York City                           ,NY  ,21.13,5,0,5,10,0.0,360.28,1840.0,3000.0,-1479.72
1362895,26387,56,1,M ,2,New York City                           ,NY  ,12.63,8,0,8,16,0.0,96.25,1300.0,1300.0,-1203.75
1362902,18760,48,0,F ,1,New York City                           ,NY  ,3.85,67,97,17,181,112.94,1554.71,346.97,1000.0,1320.68
1362903,29570,49,0,F ,1,Dallas                                  ,TX  ,234.01,19,0,19,38,0.0,3704.8,1500.0,1500.0,2204.8
1362904,18891,69,0,M ,3,Indianapolis                            ,IN  ,75.83000000000001,15,84,4,103,461.88,201.9,679.69,3000.0,-15.910000000000082
1362905,11613,39,2,F ,2,Fresno                                  ,CA  ,129.48,2,2,2,6,10.18,688.98,915.75,1000.0,-216.59000000000003
1362909,98566,43,1,F ,3,Chicago                                 ,IL  ,205.08,11,0,11,22,0.0,1149.38,54.09,4900.0,1095.2900000000002
1362911,43737,66,0,M ,2,Los Angeles                             ,CA  ,246.23000000000002,14,75,0,89,43.24,0.0,67.61,2200.0,-24.369999999999997
1362912,29064,35,3,M ,2,New York City                           ,NY  ,224.66999999999993,7,7,0,14,12.7,0.0,1500.0,1500.0,-1487.3
1362917,45464,57,0,F ,2,Indianapolis                            ,IN  ,0.0,23,23,0,46,45.45,0.0,6800.0,6800.0,-6754.55
1362918,17174,81,0,M ,2,San Francisco                           ,CA  ,120.80000000000003,37,18,18,73,142.87,270.7,1000.0,1000.0,-586.4300000000001
1362921,19987,45,2,F ,3,Wichita                                 ,KS  ,72.18,4,66,0,70,0.0,0.0,81.68,3000.0,-81.68
1362924,4804,74,0,M ,2,Baltimore                               ,MD  ,2.2600000000000002,13,31,12,56,0.0,5287.76,1000.0,1000.0,4287.76
1362925,15077,74,0,F ,2,Baltimore                               ,MD  ,44.36000000000001,15,0,15,30,0.0,1770.46,602.03,1000.0,1168.43
1362926,6479,65,0,F ,2,Cincinnati                              ,OH  ,64.75,18,18,18,54,3.39,1230.28,1000.0,1000.0,233.67000000000007
1362928,20691,44,0,M ,1,New York City                           ,NY  ,13.37,41,41,0,82,3.8,0.0,596.11,1000.0,-592.3100000000001
1362929,83295,58,1,M ,4,Austin                                  ,TX  ,167.03,28,39,28,95,20.65,1535.83,4200.0,4200.0,-2643.52
1362930,0,17,0,M ,1,Austin                                  ,TX  ,16.07,2,0,22,24,0.0,800.42,0.0,1000.0,800.42
1362933,19823,55,1,M ,2,Portland                                ,OR  ,88.14999999999999,29,29,2,60,215.13,17.18,899.08,1000.0,-666.77
1362936,8575,52,1,F ,2,Houston                                 ,TX  ,16.28,13,13,13,39,109.31,792.11,244.47,1000.0,656.95
1362937,46461,52,1,M ,2,Houston                                 ,TX  ,228.94,33,89,0,122,377.3,0.0,0.0,2300.0,377.3
1362938,0,16,0,M ,1,Houston                                 ,TX  ,49.75999999999999,53,89,0,142,417.89,0.0,436.98,3000.0,-19.090000000000032
1362939,47267,54,1,M ,4,New York City                           ,NY  ,63.53,25,25,25,75,1703.2,1173.89,772.03,7100.0,2105.0600000000004
1362940,0,17,0,F ,1,New York City                           ,NY  ,1.3,9,0,9,18,0.0,778.84,41.22,1000.0,737.62
1362945,13901,76,0,F ,2,New York City                           ,NY  ,36.93,20,20,20,60,375.14,1804.89,505.56,3000.0,1674.4700000000003
1362947,8048,26,0,M ,1,Sacramento                              ,CA  ,7.69,12,0,0,12,0.0,0.0,1000.0,1000.0,-1000.0
1362948,28864,59,1,M ,4,San Diego                               ,CA  ,67.96000000000001,6,65,0,71,554.35,0.0,813.51,1400.0,-259.15999999999997
1362949,0,16,0,M ,1,San Diego                               ,CA  ,309.18,43,72,14,129,14.7,389.24,3000.0,3000.0,-2596.06
1362950,11935,60,0,F ,2,Lexington                               ,KY  ,3.08,8,1,8,17,163.22,1545.22,162.95,3000.0,1545.49
1362952,7633,53,0,F ,2,Seattle                                 ,WA  ,106.47,6,6,3,15,473.45,232.76,782.77,3000.0,-76.55999999999995
1362954,43317,30,3,F ,2,San Jose                                ,CA  ,0.0,27,76,0,103,301.79,0.0,1226.12,6500.0,-924.3299999999999
1362959,77727,57,1,F ,2,Charlotte                               ,NC  ,582.8800000000001,10,10,0,20,4601.37,0.0,20.0,3900.0,4581.37
1362960,57642,59,1,M ,2,Charlotte                               ,NC  ,1038.68,22,0,22,44,0.0,6273.27,8600.0,8600.0,-2326.7299999999996
1362961,5505,18,0,F ,1,Charlotte                               ,NC  ,6.66,4,4,0,8,413.73,0.0,1000.0,1000.0,-586.27
1362962,2858,83,0,M ,4,Riverside                               ,CA  ,0.63,45,45,0,90,309.49,0.0,609.74,1000.0,-300.25
1362964,5779,79,0,F ,2,Milwaukee                               ,WI  ,78.27000000000001,26,98,6,130,621.41,119.39,1000.0,1000.0,-259.20000000000005
1362966,11041,83,0,F ,2,Houston                                 ,TX  ,140.51,76,76,1,153,63.32,124.13,1586.27,3000.0,-1398.82
1362969,75121,58,0,F ,4,Chicago                                 ,IL  ,319.30000000000007,6,0,6,12,0.0,5792.74,3800.0,3800.0,1992.7399999999998
1362971,31040,60,0,F ,2,Seattle                                 ,WA  ,148.23,19,97,0,116,185.4,0.0,1600.0,1600.0,-1414.6
1362972,59047,55,0,M ,1,San Antonio                             ,TX  ,233.31,23,0,23,46,0.0,680.94,711.32,3000.0,-30.379999999999995
1362973,17242,60,0,F ,1,Philadelphia                            ,PA  ,25.68,2,2,2,6,898.28,2570.3,734.81,3000.0,2733.77
1362974,12436,29,0,M ,1,Los Angeles                             ,CA  ,27.549999999999997,11,11,0,22,953.53,0.0,271.87,3000.0,681.66
1362975,36330,46,1,M ,2,Omaha                                   ,NB  ,53.800000000000004,7,7,0,14,282.92,0.0,525.5,1800.0,-242.57999999999998
1362978,33060,41,0,M ,1,Los Angeles                             ,CA  ,32.83,36,36,36,108,278.86,28.91,2103.69,5000.0,-1795.92
1362980,8201,18,0,M ,1,Chicago                                 ,IL  ,1.52,27,27,27,81,118.27,310.32,512.73,1000.0,-84.14000000000004
1362985,11485,70,0,F ,2,Indianapolis                            ,IN  ,0.0,54,99,34,187,65.82,1967.7,1000.0,1000.0,1033.52
1362986,41650,30,3,M ,3,Boston                                  ,MA  ,14.559999999999999,10,10,10,30,4690.94,434.43,1932.1,2100.0,3193.27
1362990,0,16,0,F ,1,Houston                                 ,TX  ,68.52,6,6,6,18,625.42,1113.07,1426.93,3000.0,311.5599999999997
1362991,21657,49,0,F ,1,Dallas                                  ,TX  ,39.7,33,33,13,79,77.44,369.81,1343.81,3200.0,-896.56
1362995,45195,59,2,M ,2,Philadelphia                            ,PA  ,336.66999999999996,10,10,10,30,2007.33,2978.58,21.66,2300.0,4964.25
1362997,0,17,0,F ,1,Philadelphia                            ,PA  ,10.61,18,41,8,67,222.05,201.95,420.0,1000.0,4.0
1362999,29403,36,2,M ,4,Los Angeles                             ,CA  ,152.08,35,35,0,70,3.96,0.0,988.54,4400.0,-984.5799999999999
1363002,40795,66,0,F ,2,New York City                           ,NY  ,263.13,111,2,0,113,1137.89,0.0,2684.46,6100.0,-1546.57
1363004,19319,24,0,M ,2,Dallas                                  ,TX  ,0.51,10,10,10,30,644.11,169.81,505.43,1000.0,308.49000000000007
1363006,4366,61,0,F ,2,San Antonio                             ,TX  ,11.33,1,42,1,44,897.68,245.66,1628.72,3000.0,-485.3800000000001
1363008,35117,57,1,F ,2,Denver                                  ,CO  ,69.09,28,28,7,63,23.16,9341.84,10.0,5300.0,9355.0
1363010,4424,18,0,M ,1,Denver                                  ,CO  ,31.730000000000004,20,20,20,60,1574.39,883.63,648.51,1000.0,1809.51
1363011,90248,55,0,M ,4,New York City                           ,NY  ,268.78000000000003,56,77,35,168,1615.18,1387.58,20.0,4500.0,2982.76
1363013,4435,65,0,F ,2,New York City                           ,NY  ,79.91,10,10,0,20,14.54,0.0,1000.0,1000.0,-985.46
1363016,41317,54,1,M ,2,Los Angeles                             ,CA  ,90.28999999999999,33,0,0,33,0.0,0.0,1223.77,6200.0,-1223.77
1363017,0,16,0,M ,1,Los Angeles                             ,CA  ,44.44,37,37,16,90,147.15,2901.35,1000.0,1000.0,2048.5
1363018,46884,36,2,M ,2,Phoenix                                 ,AZ  ,257.96,18,7,7,32,1778.61,9387.66,2300.0,2300.0,8866.27
1363022,26364,41,2,M ,2,Indianapolis                            ,IN  ,40.18,10,10,10,30,1184.76,140.0,604.65,4000.0,720.11
1363026,49435,44,4,M ,2,Jacksonville                            ,FL  ,275.03999999999996,43,64,0,107,2744.43,0.0,2500.0,2500.0,244.42999999999984
1363036,24326,60,0,F ,2,Milwaukee                               ,WI  ,39.79,2,57,0,59,41.36,0.0,1200.0,1200.0,-1158.64
1363037,8257,29,0,F ,2,Philadelphia                            ,PA  ,0.0,1,71,11,83,182.95,2054.92,1000.0,1000.0,1237.87
1363038,36605,40,1,F ,4,Oklahoma City                           ,OK  ,59.36,21,21,21,63,459.03,508.26,1800.0,1800.0,-832.71
1363040,38803,41,2,M ,2,New York City                           ,NY  ,83.15,10,0,10,20,0.0,37.27,1900.0,1900.0,-1862.73
1363043,20840,42,1,M ,2,Washington                              ,DC  ,66.72999999999999,5,72,5,82,701.33,1379.43,1000.0,1000.0,1080.7600000000002
1363044,15895,46,1,F ,2,Washington                              ,DC  ,2.12,30,0,0,30,0.0,0.0,523.08,1000.0,-523.08
1363053,55061,30,0,M ,1,Baltimore                               ,MD  ,0.0,4,0,0,4,0.0,0.0,918.09,2800.0,-918.09
1363054,9738,56,1,F ,2,Milwaukee                               ,WI  ,46.11,42,42,0,84,50.67,0.0,917.3,1000.0,-866.63
1363056,2442,19,0,F ,1,Milwaukee                               ,WI  ,4.27,1,0,0,1,0.0,0.0,821.42,1000.0,-821.42
1363057,6493,74,0,F ,2,Rochester                               ,NY  ,79.57000000000001,17,0,17,34,0.0,1385.03,938.43,1000.0,446.6
1363059,24744,30,0,F ,1,Sacramento                              ,CA  ,86.2,21,97,0,118,24.41,0.0,1200.0,1200.0,-1175.59
1363060,48479,46,5,M ,2,Rochester                               ,NY  ,354.14,8,65,8,81,370.85,1441.88,2192.95,2400.0,-380.2199999999998
1363068,57612,58,2,M ,2,Chicago                                 ,IL  ,264.22,28,0,0,28,0.0,0.0,20.0,2900.0,-20.0
1363070,5808,19,0,F ,1,Chicago                                 ,IL  ,19.740000000000002,13,13,2,28,307.97,844.28,774.22,3000.0,378.03
1363071,1565,82,0,F ,2,El Paso                                 ,TX  ,36.739999999999995,15,68,15,98,175.42,1083.77,298.42,1000.0,960.77
1363075,12560,46,1,M ,2,New York City                           ,NY  ,28.41,20,0,0,20,0.0,0.0,397.19,3000.0,-397.19
1363076,47083,43,1,F ,2,New York City                           ,NY  ,155.45,14,14,0,28,67.3,0.0,770.56,7100.0,-703.26
1363078,9622,46,1,M ,2,Honolulu                                ,HI  ,75.93,45,84,19,148,167.83,596.38,1147.07,3000.0,-382.8599999999999
1363081,41876,37,0,F ,1,Louisville                              ,KY  ,178.47,7,7,7,21,423.81,765.22,84.59,2100.0,1104.44
1363082,36464,32,0,M ,1,Arlington                               ,TX  ,34.15,2,2,0,4,314.35,0.0,907.82,1800.0,-593.47
1363083,22680,64,0,M ,1,Miami                                   ,FL  ,48.67,44,76,12,132,2325.47,6325.98,969.94,1100.0,7681.509999999998
1363084,34791,52,2,F ,2,Tulsa                                   ,OK  ,20.36,8,83,0,91,1909.09,0.0,1700.0,1700.0,209.08999999999992
1363086,0,16,0,F ,1,Tulsa                                   ,OK  ,66.66,5,0,5,10,0.0,1196.95,130.9,3000.0,1066.05
1363087,3400,18,0,F ,1,Tulsa                                   ,OK  ,98.64,9,64,0,73,30.86,0.0,1000.0,1000.0,-969.14
1363088,28975,54,2,M ,2,Austin                                  ,TX  ,2.67,46,46,19,111,769.47,1426.1,739.86,1400.0,1455.7099999999996
1363093,1039,79,0,M ,2,St Paul                                 ,MN  ,122.54000000000002,4,62,4,70,1079.16,86.31,1000.0,1000.0,165.47000000000003
1363096,12072,67,0,M ,2,New York City                           ,NY  ,6.85,4,0,0,4,0.0,0.0,0.0,1000.0,0.0
1363097,21663,54,1,F ,2,Honolulu                                ,HI  ,60.27,18,18,12,48,26.6,10.28,1100.0,1100.0,-1063.12
1363101,52903,40,0,F ,3,Houston                                 ,TX  ,32.589999999999996,36,0,14,50,0.0,6015.58,2054.32,7900.0,3961.2599999999998
1363102,18183,33,3,F ,2,Los Angeles                             ,CA  ,0.0,16,0,0,16,0.0,0.0,1000.0,1000.0,-1000.0
1363103,44307,33,3,M ,2,Los Angeles                             ,CA  ,155.1,10,57,0,67,29.87,0.0,513.06,2200.0,-483.18999999999994
1363107,20184,41,0,F ,1,Jacksonville                            ,FL  ,5.54,9,9,0,18,28.8,0.0,89.15,3000.0,-60.35000000000001
1363108,27814,24,2,F ,2,Austin                                  ,TX  ,37.879999999999995,32,1,9,42,268.79,360.12,458.67,1400.0,170.24000000000007
1363112,13295,38,3,F ,2,Los Angeles                             ,CA  ,32.67,5,89,0,94,1085.16,0.0,0.0,1000.0,1085.16
1363113,30163,38,3,M ,2,Los Angeles                             ,CA  ,0.0,16,0,12,28,0.0,1241.78,660.4,4500.0,581.38
1363117,38736,48,5,M ,4,Jacksonville                            ,FL  ,115.59,25,25,10,60,0.0,297.36,1112.8,1900.0,-815.4399999999999
1363123,56384,35,2,M ,4,Chicago                                 ,IL  ,403.3299999999999,15,15,0,30,696.74,0.0,2800.0,2800.0,-2103.26
1363126,58749,50,2,F ,2,Norfolk                                 ,VA  ,182.23000000000002,40,92,27,159,2541.96,3138.91,2900.0,2900.0,2780.87
1363127,0,16,0,F ,1,Norfolk                                 ,VA  ,11.63,2,0,2,4,0.0,124.01,305.79,1000.0,-181.78000000000003
1363128,4187,19,0,F ,1,Norfolk                                 ,VA  ,0.0,9,9,9,27,3422.66,2211.69,140.0,3000.0,5494.35
1363129,10430,26,0,F ,1,New York City                           ,NY  ,16.159999999999997,1,58,0,59,88.34,0.0,335.42,3000.0,-247.08
1363130,16238,33,2,M ,4,Louisville                              ,KY  ,14.52,10,10,10,30,130.75,68.7,80.56,1000.0,118.88999999999999
1363133,12823,66,0,F ,1,Tulsa                                   ,OK  ,19.19,1,35,13,49,1068.52,1082.35,0.0,3000.0,2150.87
1363135,18350,38,2,F ,2,Anaheim                                 ,CA  ,71.64,5,0,5,10,0.0,540.37,247.32,3000.0,293.05
1363138,13137,72,0,F ,2,Austin                                  ,TX  ,56.32,29,78,20,127,15.52,1293.45,914.08,1000.0,394.89
1363140,20684,44,0,M ,1,Los Angeles                             ,CA  ,117.21000000000001,20,20,20,60,0.0,896.45,1000.0,1000.0,-103.54999999999995
1363142,40671,30,2,M ,3,Chicago                                 ,IL  ,66.77000000000001,23,62,1,86,11.3,404.63,1953.78,10200.0,-1537.85
1363146,8381,44,0,F ,2,Newark                                  ,NJ  ,32.23,1,0,0,1,0.0,0.0,0.0,3000.0,0.0
1363147,20870,48,5,F ,2,San Francisco                           ,CA  ,2.5,8,87,8,103,331.93,1152.38,202.99,1000.0,1281.3200000000002
1363158,13148,48,0,M ,1,Cleveland                               ,OH  ,39.660000000000004,11,28,11,50,1080.81,1917.72,121.67,1000.0,2876.8599999999997
1363159,11029,46,0,M ,1,Albuquerque                             ,NM  ,11.76,5,68,0,73,35.8,0.0,10.0,3000.0,25.799999999999997
1363160,18548,38,0,F ,1,Los Angeles                             ,CA  ,9.26,59,0,6,65,0.0,122.54,286.69,1000.0,-164.14999999999998
1363164,24300,47,0,M ,1,New York City                           ,NY  ,67.85,22,22,22,66,312.13,258.05,1200.0,1200.0,-629.8199999999999
1363165,15301,69,0,M ,2,Kansas City                             ,MO  ,31.109999999999996,61,84,15,160,95.8,57.08,429.34,1000.0,-276.46
1363169,13113,19,0,F ,1,Chicago                                 ,IL  ,20.3,1,32,1,34,0.0,153.82,0.0,3000.0,153.82
1363170,0,17,0,F ,1,Chicago                                 ,IL  ,48.47,45,57,0,102,329.36,0.0,904.09,1000.0,-574.73
1363171,36873,59,0,F ,2,Milwaukee                               ,WI  ,269.01000000000005,9,9,0,18,17.68,0.0,1800.0,1800.0,-1782.32
1363173,27649,58,1,M ,2,Anaheim                                 ,CA  ,186.04999999999998,11,45,11,67,138.38,382.8,1400.0,1400.0,-878.8199999999999
1363175,0,16,0,F ,1,Anaheim                                 ,CA  ,21.61,53,53,0,106,13.51,0.0,1148.45,5000.0,-1134.94
1363182,101177,50,0,F ,2,Los Angeles                             ,CA  ,288.29,42,0,2,44,0.0,753.69,5100.0,5100.0,-4346.3099999999995
1363184,19840,50,2,F ,4,Toledo                                  ,OH  ,1.4,21,21,0,42,74.87,0.0,1000.0,1000.0,-925.13
1363185,7353,19,0,M ,1,Toledo                                  ,OH  ,8.32,17,71,0,88,867.84,0.0,1000.0,1000.0,-132.15999999999997
1363187,46712,47,3,F ,3,Los Angeles                             ,CA  ,316.78,16,60,7,83,22.94,335.7,2300.0,2300.0,-1941.3600000000001
1363192,10151,34,0,M ,4,Anaheim                                 ,CA  ,132.86,30,55,0,85,42.85,0.0,1000.0,1000.0,-957.15
1363193,30989,45,0,F ,1,New York City                           ,NY  ,71.6,10,41,10,61,4048.98,598.57,1442.0,1500.0,3205.55
1363194,24275,55,1,F ,3,Kansas City                             ,MO  ,84.97,17,0,8,25,0.0,455.67,82.15,3600.0,373.52
1363195,0,17,0,M ,1,Kansas City                             ,MO  ,0.0,19,33,19,71,579.16,764.77,1000.0,1000.0,343.92999999999984
1363196,35502,42,0,F ,1,Los Angeles                             ,CA  ,87.74000000000001,63,63,0,126,521.66,0.0,1800.0,1800.0,-1278.3400000000001
1363197,19088,52,2,F ,2,Sacramento                              ,CA  ,22.849999999999998,37,97,7,141,158.09,347.2,645.09,3000.0,-139.80000000000007
1363199,0,16,0,M ,1,Sacramento                              ,CA  ,61.16,21,31,21,73,1248.05,251.39,127.09,3000.0,1372.3500000000001
1363200,21015,18,0,M ,1,Sacramento                              ,CA  ,15.9,19,19,19,57,955.03,1357.19,254.56,1100.0,2057.6600000000003
1363201,8038,80,0,F ,2,Los Angeles                             ,CA  ,0.0,17,17,23,57,777.16,74.54,1000.0,1000.0,-148.30000000000007
1363204,23294,51,1,F ,2,Chicago                                 ,IL  ,25.46,34,0,0,34,0.0,0.0,1200.0,1200.0,-1200.0
1363205,0,17,0,F ,1,Chicago                                 ,IL  ,82.35999999999999,20,1,20,41,1395.69,1240.58,684.12,3000.0,1952.15
1363206,42031,32,0,F ,1,Fresno                                  ,CA  ,0.0,25,0,0,25,0.0,0.0,5490.45,6300.0,-5490.45
1363207,10919,73,0,M ,2,Chicago                                 ,IL  ,69.44,7,0,0,7,0.0,0.0,777.0,1000.0,-777.0
1363209,32739,59,0,F ,1,Detroit                                 ,MI  ,244.46999999999997,1,75,1,77,86.21,1813.9,1600.0,1600.0,300.1100000000001
1363210,19891,70,0,M ,4,New Orleans                             ,LA  ,45.95,8,8,8,24,121.53,52.26,889.68,1000.0,-715.89
1363211,44472,47,0,F ,1,San Francisco                           ,CA  ,191.8,10,0,0,10,0.0,0.0,112.99,2200.0,-112.99
1363212,9050,65,0,F ,2,Cleveland                               ,OH  ,325.34000000000003,9,9,0,18,16.9,0.0,3000.0,3000.0,-2983.1
1363213,38010,60,0,M ,2,Cleveland                               ,OH  ,64.98,37,0,9,46,0.0,289.72,1046.11,1900.0,-756.3899999999999
1363215,57723,57,1,M ,4,New York City                           ,NY  ,390.77,32,23,23,78,4645.09,2689.95,2089.45,8700.0,5245.59
1363216,13241,18,0,F ,1,New York City                           ,NY  ,139.28000000000003,34,97,34,165,1015.46,105.54,1000.0,1000.0,121.0
1363217,15724,41,0,F ,1,San Diego                               ,CA  ,100.28999999999999,15,78,0,93,110.53,0.0,944.16,3000.0,-833.63
1363218,21646,49,0,F ,1,San Diego                               ,CA  ,79.16,18,18,0,36,380.37,0.0,1100.0,1100.0,-719.63
1363219,18036,36,2,F ,2,New York City                           ,NY  ,44.58,2,2,0,4,13.46,0.0,1000.0,1000.0,-986.54
1363222,5456,63,0,M ,4,San Francisco                           ,CA  ,1.51,1,1,0,2,839.81,0.0,1000.0,1000.0,-160.19000000000005
1363223,24368,33,3,F ,2,Newark                                  ,NJ  ,51.33,6,6,6,18,1839.28,2771.42,586.29,3700.0,4024.41
1363227,14959,21,0,M ,1,Rochester                               ,NY  ,0.0,30,94,0,124,3342.38,0.0,588.15,3000.0,2754.23
1363229,7701,25,1,M ,2,Louisville                              ,KY  ,51.49,1,0,1,2,0.0,536.08,1143.13,3000.0,-607.0500000000001
1363232,9614,65,0,F ,2,New York City                           ,NY  ,18.91,28,0,0,28,0.0,0.0,1000.0,1000.0,-1000.0
1363234,12202,79,0,M ,2,Memphis                                 ,TN  ,0.0,19,81,19,119,31.19,918.39,3000.0,3000.0,-2050.42
1363236,23206,64,0,M ,3,Los Angeles                             ,CA  ,117.74,58,58,2,118,52.8,1067.7,1555.34,5800.0,-434.8399999999999
1363237,57224,35,2,M ,2,Austin                                  ,TX  ,85.77,1,20,12,33,135.39,756.74,0.0,14300.0,892.13
1363241,30217,46,0,F ,1,San Antonio                             ,TX  ,50.27,61,61,36,158,18.37,1649.8,1352.7,1500.0,315.4699999999998
1363243,16579,35,2,M ,2,Nashville                               ,TN  ,14.45,1,92,1,94,852.22,760.1,110.03,1000.0,1502.2900000000002
1363247,19686,64,0,F ,2,Toledo                                  ,OH  ,229.59000000000003,48,67,29,144,458.81,339.33,3000.0,3000.0,-2201.86
1363249,61885,52,2,F ,2,Los Angeles                             ,CA  ,386.15000000000003,40,40,0,80,2877.12,0.0,3082.05,3100.0,-204.9300000000003
1363252,0,16,0,F ,1,Los Angeles                             ,CA  ,145.34,26,55,10,91,32.18,181.99,1000.0,1000.0,-785.8299999999999
1363253,39291,58,1,F ,4,Chicago                                 ,IL  ,73.1,50,62,14,126,1191.33,1701.18,2000.0,2000.0,892.5100000000002
1363254,13317,19,0,F ,1,Chicago                                 ,IL  ,14.64,31,31,4,66,737.37,2019.49,31.04,1000.0,2725.82
1363257,31910,44,0,M ,1,New York City                           ,NY  ,125.56,34,0,34,68,0.0,1209.67,2275.24,4800.0,-1065.5699999999997
1363259,7335,28,1,M ,2,Los Angeles                             ,CA  ,5.36,2,0,0,2,0.0,0.0,334.29,1000.0,-334.29
1363261,19494,46,0,F ,1,New York City                           ,NY  ,26.35,16,59,16,91,1606.69,289.89,1000.0,1000.0,896.5799999999999
1363263,13269,50,1,M ,2,Jersey City                             ,NJ  ,0.0,74,0,0,74,0.0,0.0,1218.94,3000.0,-1218.94
1363264,0,16,0,F ,1,Jersey City                             ,NJ  ,0.73,55,55,2,112,15.72,369.44,1000.0,1000.0,-614.8399999999999
1363265,24843,61,0,M ,2,Buffalo                                 ,NY  ,0.0,49,90,8,147,805.19,900.52,133.12,1200.0,1572.5900000000001
1363266,20889,23,0,F ,3,San Diego                               ,CA  ,0.0,30,30,0,60,1.98,0.0,994.65,1000.0,-992.67
1363267,84184,37,0,M ,1,Dallas                                  ,TX  ,24.759999999999998,35,64,6,105,612.74,1699.39,1271.39,12600.0,1040.74
1363268,35508,56,1,F ,2,Houston                                 ,TX  ,281.05,18,18,18,54,1094.41,180.08,1800.0,1800.0,-525.51
1363271,7467,41,0,F ,1,Fort Worth                              ,TX  ,53.28,4,4,4,12,876.19,678.94,1179.95,3000.0,375.18000000000006
1363272,22758,30,2,F ,2,Los Angeles                             ,CA  ,8.0,16,99,16,131,195.31,711.81,1016.12,3400.0,-109.00000000000011
1363275,17773,37,3,F ,2,Kansas City                             ,MO  ,69.64,36,36,0,72,46.55,0.0,805.19,1000.0,-758.6400000000001
1363280,7571,23,1,F ,4,Memphis                                 ,TN  ,4.62,60,60,30,150,269.95,1706.87,1000.0,1000.0,976.8199999999999
1363282,25829,29,0,F ,1,Washington                              ,DC  ,36.66,27,27,0,54,84.18,0.0,272.69,1300.0,-188.51
1363283,22995,21,0,F ,1,New York City                           ,NY  ,88.87,13,80,13,106,18.54,2.74,1100.0,1100.0,-1078.72
1363284,36614,38,1,M ,4,Miami                                   ,FL  ,11.73,35,53,29,117,946.08,860.93,965.92,1800.0,841.09
1363287,18449,39,0,M ,2,Cincinnati                              ,OH  ,142.61,13,0,0,13,0.0,0.0,991.56,1000.0,-991.56
1363288,41064,55,1,F ,2,Fresno                                  ,CA  ,218.26,6,55,6,67,1393.38,244.85,1980.9,2100.0,-342.6700000000001
1363291,34855,40,2,M ,4,Fort Worth                              ,TX  ,54.86,32,69,14,115,521.21,653.58,5014.14,5200.0,-3839.3500000000004
1363294,29536,43,0,F ,2,Riverside                               ,CA  ,0.0,4,0,4,8,0.0,763.8,3157.9,4400.0,-2394.1000000000004
1363295,4391,66,0,F ,4,Phoenix                                 ,AZ  ,153.93,25,25,4,54,68.65,222.18,1000.0,1000.0,-709.17
1363296,7302,19,0,F ,1,Wichita                                 ,KS  ,55.67,78,78,9,165,1.55,2505.34,1001.67,3000.0,1505.2200000000003
1363297,9351,46,0,F ,1,Tucson                                  ,AZ  ,11.35,28,28,0,56,39.24,0.0,67.82,1000.0,-28.57999999999999
1363302,50704,55,1,M ,2,Los Angeles                             ,CA  ,106.58,11,62,0,73,4023.58,0.0,0.0,2500.0,4023.58
1363303,17875,18,0,F ,1,Los Angeles                             ,CA  ,0.0,20,20,0,40,39.22,0.0,1000.0,1000.0,-960.78
1363306,15576,46,0,F ,1,Sacramento                              ,CA  ,0.0,32,32,1,65,114.94,1193.26,137.4,1000.0,1170.8
1363307,2684,26,0,F ,1,Chicago                                 ,IL  ,66.56,39,92,19,150,314.27,265.35,1199.3,3000.0,-619.68
1363308,27155,22,1,M ,2,New York City                           ,NY  ,50.0,27,1,1,29,5651.4,1585.57,498.06,4100.0,6738.909999999999
1363311,54734,50,0,M ,2,Los Angeles                             ,CA  ,0.0,6,88,15,109,968.46,299.67,2700.0,2700.0,-1431.87
1363312,29335,50,0,F ,2,Los Angeles                             ,CA  ,42.18,19,0,0,19,0.0,0.0,4400.0,4400.0,-4400.0
1363313,19639,25,1,F ,2,Houston                                 ,TX  ,32.61,17,17,0,34,10.42,0.0,11.12,1000.0,-0.6999999999999993
1363314,11375,26,1,M ,2,Houston                                 ,TX  ,27.72,11,11,0,22,266.68,0.0,366.31,3000.0,-99.63
1363316,18144,28,0,F ,1,Louisville                              ,KY  ,147.25000000000003,2,2,2,6,947.22,629.06,1000.0,1000.0,576.28
1363317,18176,68,0,F ,4,Phoenix                                 ,AZ  ,14.73,9,61,9,79,269.76,186.53,307.6,1000.0,148.68999999999994
1363321,33113,55,0,M ,2,Indianapolis                            ,IN  ,91.44,5,66,5,76,2748.89,1009.61,1133.39,5000.0,2625.1099999999997
1363323,57882,39,0,F ,1,Philadelphia                            ,PA  ,243.15,7,7,0,14,1083.14,0.0,1953.27,8700.0,-870.1299999999999
1363327,12310,40,0,F ,1,Anaheim                                 ,CA  ,121.4,28,98,28,154,235.65,401.43,3000.0,3000.0,-2362.92
1363328,18466,31,2,M ,3,Tulsa                                   ,OK  ,0.0,8,8,8,24,669.27,1308.55,538.93,1000.0,1438.8899999999999
1363331,31054,55,2,M ,2,St Paul                                 ,MN  ,118.06,17,89,17,123,2897.68,743.04,2264.61,7800.0,1376.1099999999997
1363332,58217,55,2,F ,2,St Paul                                 ,MN  ,166.19,15,0,0,15,0.0,0.0,839.43,2900.0,-839.43
1363335,2807,54,0,F ,2,Minneapolis                             ,MN  ,25.75,47,47,0,94,65.64,0.0,806.94,1000.0,-741.3000000000001
1363342,32700,53,1,F ,4,Houston                                 ,TX  ,113.37,14,96,14,124,14.45,57.96,1600.0,1600.0,-1527.59
1363344,13124,66,0,F ,2,Phoenix                                 ,AZ  ,62.22,5,5,5,15,68.95,253.92,1000.0,1000.0,-677.13
1363345,54713,55,1,F ,2,Tucson                                  ,AZ  ,294.92,35,35,0,70,2345.06,0.0,2700.0,2700.0,-354.94000000000005
1363348,36259,45,2,F ,2,Boston                                  ,MA  ,68.09,54,54,1,109,1244.93,1628.76,1800.0,1800.0,1073.69
1363352,5772,18,0,M ,1,Houston                                 ,TX  ,32.9,1,1,1,3,851.45,2950.23,906.54,1000.0,2895.1400000000003
1363353,39832,58,0,M ,1,Chicago                                 ,IL  ,84.11,24,24,24,72,13.96,1663.95,1504.14,6000.0,173.76999999999998
1363354,12621,66,0,F ,4,New York City                           ,NY  ,384.54,13,97,13,123,48.9,1116.71,3000.0,3000.0,-1834.3899999999999
1363355,13087,22,0,M ,2,Kansas City                             ,MO  ,119.85999999999999,44,0,10,54,0.0,2229.96,291.58,3000.0,1938.38
1363356,12258,39,3,F ,2,San Francisco                           ,CA  ,41.19,46,46,24,116,10.33,148.06,1000.0,1000.0,-841.61
1363361,26008,34,2,F ,4,Portland                                ,OR  ,11.96,37,83,9,129,21.54,172.8,462.28,1300.0,-267.93999999999994
1363364,15100,37,0,F ,2,Birmingham                              ,AL  ,20.66,67,98,0,165,296.28,0.0,1785.97,3000.0,-1489.69
1363365,41261,34,3,M ,2,New York City                           ,NY  ,64.08,23,77,0,100,901.25,0.0,2100.0,2100.0,-1198.75
1363370,6700,23,0,M ,1,New York City                           ,NY  ,23.950000000000003,40,0,12,52,0.0,149.17,746.6,1000.0,-597.4300000000001
1363377,5488,33,3,F ,2,San Diego                               ,CA  ,34.91,11,11,11,33,146.5,1782.06,844.08,3000.0,1084.48
1363382,13497,61,0,F ,2,Denver                                  ,CO  ,89.06000000000002,11,72,11,94,1544.52,272.05,1000.0,1000.0,816.5699999999999
1363383,21751,64,0,M ,2,Denver                                  ,CO  ,25.73,8,0,0,8,0.0,0.0,0.0,1100.0,0.0
1363384,54647,48,0,M ,1,Fort Worth                              ,TX  ,101.97,5,5,5,15,12.8,3419.28,2231.29,8200.0,1200.7900000000004
1363385,2314,88,0,F ,2,Tulsa                                   ,OK  ,11.75,19,0,19,38,0.0,1720.35,0.0,1000.0,1720.35
1363387,4247,55,1,F ,2,Detroit                                 ,MI  ,151.13000000000002,11,11,11,33,959.6,110.52,1000.0,1000.0,70.12000000000012
1363390,12973,50,2,M ,2,New York City                           ,NY  ,36.2,22,88,22,132,446.35,740.57,1860.67,3000.0,-673.75
1363392,0,17,0,F ,1,New York City                           ,NY  ,150.86,1,87,1,89,87.69,241.59,1000.0,1000.0,-670.72
1363393,0,16,0,F ,1,New York City                           ,NY  ,0.0,14,14,0,28,174.05,0.0,1000.0,1000.0,-825.95
1363394,12722,49,0,F ,1,Los Angeles                             ,CA  ,47.56,16,0,16,32,0.0,2270.28,1000.0,1000.0,1270.2800000000002
1363395,14011,29,2,F ,3,Phoenix                                 ,AZ  ,71.09,24,96,6,126,1520.9,136.18,730.0,3000.0,927.0800000000002
1363398,13811,50,0,F ,3,Omaha                                   ,NB  ,105.20000000000002,24,36,0,60,86.13,0.0,1000.0,1000.0,-913.87
1363399,1591,25,0,M ,1,Los Angeles                             ,CA  ,11.83,5,8,0,13,548.29,0.0,0.0,1000.0,548.29
1363400,49258,49,0,F ,2,New York City                           ,NY  ,184.38000000000002,83,83,41,207,1824.79,137.85,2186.72,7400.0,-224.07999999999993
1363402,24368,63,0,F ,1,New York City                           ,NY  ,183.60999999999999,27,27,0,54,9.62,0.0,1200.0,1200.0,-1190.38
1363403,37364,52,1,F ,4,Toledo                                  ,OH  ,0.0,4,4,4,12,366.58,1590.22,1900.0,1900.0,56.799999999999955
1363408,36603,65,0,M ,2,New York City                           ,NY  ,248.37000000000006,31,57,31,119,30.85,1056.1,1800.0,1800.0,-713.0500000000002
1363409,9379,69,0,F ,2,New York City                           ,NY  ,13.77,1,0,0,1,0.0,0.0,160.42,1000.0,-160.42
1363414,25869,54,1,F ,4,Cincinnati                              ,OH  ,35.940000000000005,6,67,6,79,2438.22,1411.05,202.13,1300.0,3647.1399999999994
1363420,22369,32,0,F ,1,Detroit                                 ,MI  ,22.89,38,38,0,76,278.98,0.0,1011.2,1100.0,-732.22
1363421,1982,28,0,M ,1,Oakland                                 ,CA  ,130.39000000000001,30,85,30,145,918.69,197.64,814.67,3000.0,301.65999999999997
1363422,42532,39,2,M ,2,Denver                                  ,CO  ,314.96,9,0,9,18,0.0,14.34,20.0,2100.0,-5.66
1363426,37186,36,0,M ,1,Albuquerque                             ,NM  ,107.41999999999999,4,4,0,8,3567.46,0.0,917.28,1900.0,2650.1800000000003
1363427,83366,46,0,F ,1,New York City                           ,NY  ,552.38,21,21,0,42,809.67,0.0,20.0,4200.0,789.67
1363429,13058,27,2,F ,2,Dallas                                  ,TX  ,34.1,13,7,7,27,299.71,171.9,1739.74,3000.0,-1268.13
1363433,6576,45,0,M ,1,Albuquerque                             ,NM  ,8.16,5,70,0,75,1155.25,0.0,0.0,1000.0,1155.25
1363435,12307,29,1,M ,2,Memphis                                 ,TN  ,43.809999999999995,6,92,0,98,329.74,0.0,643.34,1000.0,-313.6
1363438,2644,23,1,M ,2,Corpus Christi                          ,TX  ,40.24,8,23,23,54,254.88,95.3,684.3,3000.0,-334.11999999999995
1363441,7169,39,0,F ,1,Tucson                                  ,AZ  ,12.3,21,87,21,129,145.82,581.29,32.33,1000.0,694.7799999999999
1363444,3171,22,1,F ,2,Sacramento                              ,CA  ,32.05,23,23,0,46,68.22,0.0,1000.0,1000.0,-931.78
1363447,17052,41,0,F ,1,New York City                           ,NY  ,11.37,15,28,15,58,346.08,671.09,1000.0,1000.0,17.170000000000073
1363448,27239,57,0,M ,1,Los Angeles                             ,CA  ,159.97,21,98,21,140,1961.87,1763.31,1400.0,1400.0,2325.18
1363449,30265,34,0,F ,1,Oakland                                 ,CA  ,13.97,33,91,0,124,1572.98,0.0,636.53,1500.0,936.45
1363454,8120,65,0,F ,4,New York City                           ,NY  ,128.88000000000002,25,25,25,75,312.45,782.26,1336.4,3000.0,-241.69000000000005
1363455,37471,55,1,F ,2,Baltimore                               ,MD  ,0.0,11,0,11,22,0.0,254.9,5192.98,5600.0,-4938.08
1363457,86744,57,0,M ,2,Virginia Beach                          ,VA  ,236.28000000000003,34,34,15,83,1252.71,3028.72,4626.88,13000.0,-345.4499999999998
1363458,22025,44,1,F ,2,Portland                                ,OR  ,62.56,19,85,19,123,2.5,160.66,596.63,1100.0,-433.47
1363459,11944,40,1,M ,2,Portland                                ,OR  ,0.87,17,0,0,17,0.0,0.0,3000.0,3000.0,-3000.0
1363461,23108,69,0,F ,2,St Paul                                 ,MN  ,89.13999999999999,4,4,0,8,1223.94,0.0,1610.7,3500.0,-386.76
1363462,9495,25,2,F ,3,Baltimore                               ,MD  ,378.60999999999996,35,8,8,51,2421.03,2034.99,3000.0,3000.0,1456.0200000000004
1363467,29521,48,0,F ,1,New York City                           ,NY  ,118.97999999999999,74,99,0,173,58.47,0.0,1500.0,1500.0,-1441.53
1363468,36923,53,1,F ,3,Lexington                               ,KY  ,0.0,17,0,17,34,0.0,927.28,5500.0,5500.0,-4572.72
1363470,18390,38,2,F ,2,Miami                                   ,FL  ,87.75,39,73,0,112,1790.37,0.0,5000.0,5000.0,-3209.63
1363471,30015,30,2,M ,2,Miami                                   ,FL  ,10.15,49,99,21,169,153.91,1777.03,3229.66,4500.0,-1298.7199999999998
1363474,3339,20,0,F ,1,Sacramento                              ,CA  ,29.810000000000002,32,77,1,110,30.89,4622.61,702.74,1000.0,3950.76
1363475,24815,32,2,M ,2,Columbus                                ,OH  ,85.85,47,52,0,99,136.95,0.0,727.2,3700.0,-590.25
1363482,9129,66,0,M ,2,Denver                                  ,CO  ,139.14999999999998,26,0,26,52,0.0,486.4,355.26,3000.0,131.14
1363483,9271,28,0,M ,2,Washington                              ,DC  ,79.61,31,31,0,62,403.75,0.0,1000.0,1000.0,-596.25
1363484,10244,52,0,F ,1,Minneapolis                             ,MN  ,12.21,39,91,0,130,233.06,0.0,408.08,1000.0,-175.01999999999998
1363485,19863,48,0,F ,1,Seattle                                 ,WA  ,41.27,9,0,9,18,0.0,157.76,1000.0,5000.0,-842.24
1363486,39942,41,5,F ,4,Honolulu                                ,HI  ,0.0,17,0,0,17,0.0,0.0,0.0,2000.0,0.0
1363492,142274,54,0,M ,3,Dallas                                  ,TX  ,963.2799999999999,19,97,19,135,106.14,1116.1,6869.0,7100.0,-5646.76
